Date,new_orders,shipments,semiconductor_output,semiconductor_ppi,total_inventory,finished_inventory
1972-01-01,,,0.029,,,
1972-02-01,,,0.0286,,,
1972-03-01,,,0.0286,,,
1972-04-01,,,0.029,,,
1972-05-01,,,0.0291,,,
1972-06-01,,,0.0288,,,
1972-07-01,,,0.0298,,,
1972-08-01,,,0.03,,,
1972-09-01,,,0.0309,,,
1972-10-01,,,0.0319,,,
1972-11-01,,,0.0334,,,
1972-12-01,,,0.0356,,,
1973-01-01,,,0.0356,,,
1973-02-01,,,0.037,,,
1973-03-01,,,0.0377,,,
1973-04-01,,,0.0382,,,
1973-05-01,,,0.0385,,,
1973-06-01,,,0.0413,,,
1973-07-01,,,0.0387,,,
1973-08-01,,,0.041,,,
1973-09-01,,,0.0412,,,
1973-10-01,,,0.0429,,,
1973-11-01,,,0.044,,,
1973-12-01,,,0.0445,,,
1974-01-01,,,0.0446,,,
1974-02-01,,,0.0452,,,
1974-03-01,,,0.045,,,
1974-04-01,,,0.0443,,,
1974-05-01,,,0.0434,,,
1974-06-01,,,0.0432,,,
1974-07-01,,,0.042,,,
1974-08-01,,,0.0402,,,
1974-09-01,,,0.0406,,,
1974-10-01,,,0.0399,,,
1974-11-01,,,0.0366,,,
1974-12-01,,,0.035,,,
1975-01-01,,,0.0343,,,
1975-02-01,,,0.0319,,,
1975-03-01,,,0.0319,,,
1975-04-01,,,0.031,,,
1975-05-01,,,0.0321,,,
1975-06-01,,,0.0317,,,
1975-07-01,,,0.0335,,,
1975-08-01,,,0.0343,,,
1975-09-01,,,0.0353,,,
1975-10-01,,,0.0358,,,
1975-11-01,,,0.0362,,,
1975-12-01,,,0.0377,,,
1976-01-01,,,0.0381,,,
1976-02-01,,,0.038,,,
1976-03-01,,,0.0388,,,
1976-04-01,,,0.0403,,,
1976-05-01,,,0.0425,,,
1976-06-01,,,0.0427,,,
1976-07-01,,,0.0434,,,
1976-08-01,,,0.0449,,,
1976-09-01,,,0.0465,,,
1976-10-01,,,0.0475,,,
1976-11-01,,,0.0481,,,
1976-12-01,,,0.0484,,,
1977-01-01,,,0.049,,,
1977-02-01,,,0.0515,,,
1977-03-01,,,0.0512,,,
1977-04-01,,,0.0523,,,
1977-05-01,,,0.053,,,
1977-06-01,,,0.0551,,,
1977-07-01,,,0.0546,,,
1977-08-01,,,0.0567,,,
1977-09-01,,,0.0572,,,
1977-10-01,,,0.0571,,,
1977-11-01,,,0.0586,,,
1977-12-01,,,0.0583,,,
1978-01-01,,,0.0575,,,
1978-02-01,,,0.0578,,,
1978-03-01,,,0.0606,,,
1978-04-01,,,0.0605,,,
1978-05-01,,,0.0613,,,
1978-06-01,,,0.063,,,
1978-07-01,,,0.0632,,,
1978-08-01,,,0.0649,,,
1978-09-01,,,0.0657,,,
1978-10-01,,,0.0673,,,
1978-11-01,,,0.069,,,
1978-12-01,,,0.0701,,,
1979-01-01,,,0.0715,,,
1979-02-01,,,0.0736,,,
1979-03-01,,,0.0742,,,
1979-04-01,,,0.0723,,,
1979-05-01,,,0.0747,,,
1979-06-01,,,0.0778,,,
1979-07-01,,,0.0766,,,
1979-08-01,,,0.0786,,,
1979-09-01,,,0.0799,,,
1979-10-01,,,0.0822,,,
1979-11-01,,,0.085,,,
1979-12-01,,,0.0874,,,
1980-01-01,,,0.089,,,
1980-02-01,,,0.0897,,,
1980-03-01,,,0.0894,,,
1980-04-01,,,0.0906,,,
1980-05-01,,,0.089,,,
1980-06-01,,,0.0861,,,
1980-07-01,,,0.0847,,,
1980-08-01,,,0.0855,,,
1980-09-01,,,0.0857,,,
1980-10-01,,,0.0872,,,
1980-11-01,,,0.0881,,,
1980-12-01,,,0.09,,,
1981-01-01,,,0.0903,,,
1981-02-01,,,0.0909,,,
1981-03-01,,,0.0912,,,
1981-04-01,,,0.0931,,,
1981-05-01,,,0.0939,,,
1981-06-01,,,0.0952,181.0,,
1981-07-01,,,0.0942,180.5,,
1981-08-01,,,0.0987,180.8,,
1981-09-01,,,0.1015,179.5,,
1981-10-01,,,0.1028,180.0,,
1981-11-01,,,0.1026,181.3,,
1981-12-01,,,0.1035,180.4,,
1982-01-01,,,0.1018,178.1,,
1982-02-01,,,0.1069,178.0,,
1982-03-01,,,0.1061,176.3,,
1982-04-01,,,0.1069,175.0,,
1982-05-01,,,0.1081,174.4,,
1982-06-01,,,0.1106,174.0,,
1982-07-01,,,0.1108,177.6,,
1982-08-01,,,0.1105,170.6,,
1982-09-01,,,0.11,171.1,,
1982-10-01,,,0.1088,170.3,,
1982-11-01,,,0.1091,168.1,,
1982-12-01,,,0.1097,167.7,,
1983-01-01,,,0.1123,166.6,,
1983-02-01,,,0.1122,167.2,,
1983-03-01,,,0.1149,167.3,,
1983-04-01,,,0.1166,172.6,,
1983-05-01,,,0.1197,172.4,,
1983-06-01,,,0.1224,174.9,,
1983-07-01,,,0.1276,174.9,,
1983-08-01,,,0.1264,175.1,,
1983-09-01,,,0.1322,176.9,,
1983-10-01,,,0.1352,179.6,,
1983-11-01,,,0.1382,178.5,,
1983-12-01,,,0.1395,179.0,,
1984-01-01,,,0.1458,180.8,,
1984-02-01,,,0.1501,180.7,,
1984-03-01,,,0.1535,182.5,,
1984-04-01,,,0.1581,181.8,,
1984-05-01,,,0.1608,181.1,,
1984-06-01,,,0.165,181.7,,
1984-07-01,,,0.1693,182.3,,
1984-08-01,,,0.1725,181.8,,
1984-09-01,,,0.1729,182.9,,
1984-10-01,,,0.1756,183.3,,
1984-11-01,,,0.1769,182.4,,
1984-12-01,,,0.1755,180.8,,
1985-01-01,,,0.1789,181.8,,
1985-02-01,,,0.1752,181.1,,
1985-03-01,,,0.1736,179.1,,
1985-04-01,,,0.167,178.1,,
1985-05-01,,,0.1694,173.0,,
1985-06-01,,,0.1694,169.0,,
1985-07-01,,,0.1621,169.2,,
1985-08-01,,,0.1616,169.3,,
1985-09-01,,,0.1585,168.6,,
1985-10-01,,,0.1578,167.0,,
1985-11-01,,,0.1587,167.2,,
1985-12-01,,,0.1607,166.7,,
1986-01-01,,,0.1618,168.7,,
1986-02-01,,,0.1636,169.2,,
1986-03-01,,,0.1649,169.5,,
1986-04-01,,,0.1681,170.8,,
1986-05-01,,,0.1678,170.9,,
1986-06-01,,,0.1641,171.0,,
1986-07-01,,,0.1741,170.4,,
1986-08-01,,,0.1784,169.1,,
1986-09-01,,,0.1823,168.0,,
1986-10-01,,,0.1836,168.0,,
1986-11-01,,,0.1879,167.2,,
1986-12-01,,,0.1937,168.2,,
1987-01-01,,,0.198,168.0,,
1987-02-01,,,0.2014,167.8,,
1987-03-01,,,0.2032,164.9,,
1987-04-01,,,0.2059,164.1,,
1987-05-01,,,0.2118,163.8,,
1987-06-01,,,0.2154,164.5,,
1987-07-01,,,0.2213,165.9,,
1987-08-01,,,0.2231,166.4,,
1987-09-01,,,0.2272,165.7,,
1987-10-01,,,0.2315,166.1,,
1987-11-01,,,0.2317,165.4,,
1987-12-01,,,0.2353,165.7,,
1988-01-01,,,0.2351,165.8,,
1988-02-01,,,0.2358,168.1,,
1988-03-01,,,0.2353,166.5,,
1988-04-01,,,0.2367,165.5,,
1988-05-01,,,0.2394,167.4,,
1988-06-01,,,0.2425,168.1,,
1988-07-01,,,0.2452,168.1,,
1988-08-01,,,0.2482,169.3,,
1988-09-01,,,0.2499,168.9,,
1988-10-01,,,0.2519,166.8,,
1988-11-01,,,0.2558,167.1,,
1988-12-01,,,0.2588,167.3,,
1989-01-01,,,0.2563,167.5,,
1989-02-01,,,0.2545,168.0,,
1989-03-01,,,0.2528,167.4,,
1989-04-01,,,0.2576,167.3,,
1989-05-01,,,0.2579,167.2,,
1989-06-01,,,0.2624,167.7,,
1989-07-01,,,0.2634,167.1,,
1989-08-01,,,0.2698,167.2,,
1989-09-01,,,0.2728,166.7,,
1989-10-01,,,0.2772,168.9,,
1989-11-01,,,0.2786,166.8,,
1989-12-01,,,0.2807,164.0,,
1990-01-01,,,0.2833,163.7,,
1990-02-01,,,0.2874,162.4,,
1990-03-01,,,0.2914,161.8,,
1990-04-01,,,0.293,161.0,,
1990-05-01,,,0.2931,161.0,,
1990-06-01,,,0.2952,161.3,,
1990-07-01,,,0.2948,160.9,,
1990-08-01,,,0.2966,158.2,,
1990-09-01,,,0.3014,158.1,,
1990-10-01,,,0.3024,158.2,,
1990-11-01,,,0.3063,157.9,,
1990-12-01,,,0.3082,157.8,,
1991-01-01,,,0.3119,159.5,,
1991-02-01,,,0.3183,159.4,,
1991-03-01,,,0.3217,158.6,,
1991-04-01,,,0.3239,158.8,,
1991-05-01,,,0.3307,158.5,,
1991-06-01,,,0.3287,158.7,,
1991-07-01,,,0.3341,157.0,,
1991-08-01,,,0.3373,156.6,,
1991-09-01,,,0.336,155.3,,
1991-10-01,,,0.3401,154.1,,
1991-11-01,,,0.3426,153.2,,
1991-12-01,,,0.3485,153.4,,
1992-01-01,,22394.0,0.3592,151.7,45630.0,9541.0
1992-02-01,19538.0,21884.0,0.3629,151.2,45339.0,9578.0
1992-03-01,19720.0,22437.0,0.3675,153.2,45510.0,9513.0
1992-04-01,19017.0,23033.0,0.3725,152.5,45002.0,9448.0
1992-05-01,20433.0,23018.0,0.3777,149.7,44686.0,9495.0
1992-06-01,19551.0,22721.0,0.3903,149.0,44498.0,9467.0
1992-07-01,19700.0,23186.0,0.3998,148.5,44281.0,9554.0
1992-08-01,19482.0,22514.0,0.4037,147.6,44686.0,9487.0
1992-09-01,20030.0,22856.0,0.4115,147.6,45227.0,9397.0
1992-10-01,19187.0,22849.0,0.4232,147.8,44604.0,9205.0
1992-11-01,21027.0,23022.0,0.4323,147.0,44392.0,9287.0
1992-12-01,21666.0,23352.0,0.4328,148.5,44469.0,9130.0
1993-01-01,20541.0,23129.0,0.4288,147.6,43790.0,9004.0
1993-02-01,20113.0,23436.0,0.4334,148.4,43902.0,9228.0
1993-03-01,20413.0,23305.0,0.4375,148.9,43625.0,8715.0
1993-04-01,20516.0,22962.0,0.4391,149.2,43479.0,8566.0
1993-05-01,20495.0,23215.0,0.444,150.0,43992.0,8491.0
1993-06-01,19770.0,24124.0,0.4523,150.3,43966.0,8577.0
1993-07-01,20734.0,23794.0,0.4545,149.3,44043.0,8482.0
1993-08-01,21352.0,23943.0,0.4599,149.3,43897.0,8482.0
1993-09-01,20750.0,24269.0,0.4631,149.4,43891.0,8741.0
1993-10-01,22212.0,24467.0,0.4668,150.5,44136.0,8412.0
1993-11-01,21504.0,24783.0,0.4708,151.2,43957.0,8498.0
1993-12-01,19601.0,24839.0,0.483,150.2,43974.0,8752.0
1994-01-01,21516.0,25147.0,0.4985,150.1,43999.0,8801.0
1994-02-01,22300.0,25702.0,0.5062,149.6,44245.0,8952.0
1994-03-01,20509.0,25168.0,0.5273,149.3,44891.0,9055.0
1994-04-01,22665.0,26451.0,0.5528,149.6,45066.0,9108.0
1994-05-01,22505.0,26499.0,0.5692,150.6,45192.0,9537.0
1994-06-01,23421.0,26298.0,0.578,150.8,45860.0,9007.0
1994-07-01,23762.0,27267.0,0.5934,150.2,45927.0,9154.0
1994-08-01,22975.0,27139.0,0.61,148.1,46237.0,9220.0
1994-09-01,23340.0,26894.0,0.631,146.2,46203.0,9063.0
1994-10-01,24094.0,27389.0,0.6515,144.5,46397.0,9251.0
1994-11-01,23893.0,28488.0,0.6711,144.3,46676.0,9298.0
1994-12-01,23829.0,28091.0,0.696,143.2,47029.0,9574.0
1995-01-01,24307.0,28673.0,0.7128,142.2,47739.0,9510.0
1995-02-01,23932.0,28942.0,0.7332,143.4,48381.0,9611.0
1995-03-01,24617.0,29130.0,0.7641,139.7,48236.0,10059.0
1995-04-01,25903.0,29850.0,0.786,139.7,48678.0,10226.0
1995-05-01,26720.0,30617.0,0.8132,138.4,49002.0,10523.0
1995-06-01,25141.0,30788.0,0.8325,138.4,49583.0,11159.0
1995-07-01,24896.0,30261.0,0.8408,136.1,50210.0,11278.0
1995-08-01,25700.0,31563.0,0.8831,135.1,50756.0,11621.0
1995-09-01,26606.0,32162.0,0.9276,135.6,51869.0,12048.0
1995-10-01,28407.0,32069.0,0.9531,135.6,53019.0,12154.0
1995-11-01,27131.0,32455.0,0.9781,135.6,52831.0,12167.0
1995-12-01,27344.0,33210.0,1.0278,134.3,53626.0,12232.0
1996-01-01,26027.0,31368.0,1.0786,134.6,54924.0,12559.0
1996-02-01,26891.0,31811.0,1.1394,134.0,54250.0,12422.0
1996-03-01,26863.0,33134.0,1.1712,130.2,53967.0,12215.0
1996-04-01,26655.0,32440.0,1.1973,127.8,54207.0,12281.0
1996-05-01,27181.0,33007.0,1.2357,125.9,53776.0,12094.0
1996-06-01,26365.0,33105.0,1.2657,124.6,53193.0,11959.0
1996-07-01,27499.0,32508.0,1.3083,124.9,53061.0,11854.0
1996-08-01,27699.0,33128.0,1.3579,125.3,52711.0,11612.0
1996-09-01,25321.0,33247.0,1.4113,125.2,52493.0,11726.0
1996-10-01,29984.0,34026.0,1.4788,122.1,52166.0,11851.0
1996-11-01,29093.0,34601.0,1.5209,121.8,51661.0,11844.0
1996-12-01,25961.0,34896.0,1.5532,121.5,50879.0,11398.0
1997-01-01,28145.0,34185.0,1.5955,119.5,51517.0,12063.0
1997-02-01,30728.0,35408.0,1.6798,117.4,51576.0,12236.0
1997-03-01,29295.0,36399.0,1.747,117.4,51681.0,11571.0
1997-04-01,29922.0,36053.0,1.7981,116.6,52089.0,12646.0
1997-05-01,29530.0,35892.0,1.8763,113.8,52657.0,12849.0
1997-06-01,30873.0,37094.0,1.9274,114.2,52835.0,12594.0
1997-07-01,32570.0,37345.0,1.9704,114.0,54109.0,13305.0
1997-08-01,31387.0,37800.0,2.0717,109.5,54475.0,13781.0
1997-09-01,31135.0,37875.0,2.1723,109.3,54595.0,13132.0
1997-10-01,29844.0,36999.0,2.2375,107.3,54873.0,13391.0
1997-11-01,30060.0,36266.0,2.3128,106.3,55111.0,13384.0
1997-12-01,30405.0,37309.0,2.3681,106.0,55198.0,13087.0
1998-01-01,30554.0,35563.0,2.4334,104.8,55388.0,13109.0
1998-02-01,31806.0,37472.0,2.4396,103.6,55517.0,13322.0
1998-03-01,30954.0,37285.0,2.4932,103.6,55916.0,13460.0
1998-04-01,30361.0,36491.0,2.5916,103.3,55818.0,13260.0
1998-05-01,31964.0,36058.0,2.6278,102.4,55616.0,13298.0
1998-06-01,31647.0,37292.0,2.7404,102.2,55029.0,13306.0
1998-07-01,30003.0,36216.0,2.8884,101.8,54284.0,12932.0
1998-08-01,29964.0,36104.0,3.0318,101.2,53949.0,12809.0
1998-09-01,31326.0,37745.0,3.2134,100.4,53671.0,12930.0
1998-10-01,30272.0,37241.0,3.3835,100.3,53508.0,12868.0
1998-11-01,31086.0,37548.0,3.5101,100.2,52821.0,12894.0
1998-12-01,32059.0,38163.0,3.6676,100.0,51925.0,12912.0
1999-01-01,30567.0,37621.0,3.8312,99.3,51463.0,12395.0
1999-02-01,31473.0,38142.0,4.0388,98.9,52063.0,12928.0
1999-03-01,32426.0,37988.0,4.2019,98.6,53414.0,13498.0
1999-04-01,32525.0,38642.0,4.3865,98.2,53324.0,13592.0
1999-05-01,32899.0,38908.0,4.5252,98.1,53456.0,13642.0
1999-06-01,32866.0,39653.0,4.7196,97.0,53469.0,13688.0
1999-07-01,34503.0,40438.0,5.0164,96.3,53232.0,13232.0
1999-08-01,34023.0,39579.0,4.9717,96.2,53645.0,14068.0
1999-09-01,34873.0,39358.0,4.9603,97.2,54285.0,13991.0
1999-10-01,35455.0,39686.0,5.1056,97.6,53547.0,13732.0
1999-11-01,34822.0,39505.0,5.3139,97.4,53628.0,13481.0
1999-12-01,36855.0,38609.0,5.4565,96.6,54888.0,13725.0
2000-01-01,34317.0,40027.0,5.6204,95.2,54610.0,13701.0
2000-02-01,33171.0,39935.0,5.7762,93.9,55150.0,13418.0
2000-03-01,35912.0,40945.0,6.0549,93.5,55963.0,13399.0
2000-04-01,36415.0,42122.0,6.3692,93.2,56984.0,13359.0
2000-05-01,36124.0,42641.0,6.6909,92.6,58148.0,13449.0
2000-06-01,41154.0,42212.0,6.9542,92.8,59228.0,13248.0
2000-07-01,35704.0,42526.0,7.3065,93.5,60276.0,13590.0
2000-08-01,37713.0,43502.0,7.4126,93.6,61374.0,13710.0
2000-09-01,37504.0,44412.0,7.5405,93.4,61355.0,14139.0
2000-10-01,36320.0,43495.0,7.6973,92.3,62712.0,14877.0
2000-11-01,36567.0,43117.0,8.0352,91.8,64302.0,14975.0
2000-12-01,34449.0,44534.0,8.2806,91.6,65288.0,15163.0
2001-01-01,33966.0,42538.0,8.1569,91.5,66440.0,15595.0
2001-02-01,33420.0,41726.0,8.119,91.0,66128.0,15958.0
2001-03-01,30957.0,40150.0,8.1813,90.7,64380.0,14725.0
2001-04-01,27554.0,36643.0,8.0418,90.1,63239.0,14945.0
2001-05-01,28736.0,35574.0,7.9237,89.9,62398.0,15197.0
2001-06-01,29088.0,36051.0,7.8019,89.1,61845.0,15325.0
2001-07-01,27625.0,34241.0,7.4679,88.1,60062.0,14886.0
2001-08-01,27598.0,33120.0,7.5992,87.2,58836.0,14613.0
2001-09-01,26632.0,33125.0,7.7622,87.1,56573.0,13323.0
2001-10-01,26377.0,32408.0,7.923,86.7,54758.0,12983.0
2001-11-01,27061.0,32290.0,7.8071,86.8,53302.0,12748.0
2001-12-01,26986.0,32826.0,8.1924,87.0,51188.0,12247.0
2002-01-01,23957.0,31460.0,8.3054,87.0,51299.0,12474.0
2002-02-01,25330.0,31555.0,8.6572,87.1,50442.0,12204.0
2002-03-01,24249.0,31313.0,8.8337,87.2,49973.0,11670.0
2002-04-01,25393.0,30961.0,9.0789,85.9,49605.0,11949.0
2002-05-01,25011.0,31071.0,9.2091,85.5,49068.0,11713.0
2002-06-01,23810.0,29976.0,9.3702,85.3,48236.0,11257.0
2002-07-01,23565.0,29775.0,9.5136,85.5,48094.0,11381.0
2002-08-01,23643.0,29855.0,9.6704,85.4,47955.0,11440.0
2002-09-01,21537.0,28792.0,9.761,85.2,47668.0,10581.0
2002-10-01,21460.0,28205.0,9.873,85.0,47086.0,10668.0
2002-11-01,23049.0,28961.0,9.9873,84.8,46724.0,10581.0
2002-12-01,22776.0,27401.0,10.0899,81.9,46208.0,10291.0
2003-01-01,22955.0,28320.0,10.4129,81.6,45324.0,9948.0
2003-02-01,23152.0,28419.0,10.776,81.2,44986.0,9811.0
2003-03-01,22826.0,28179.0,10.9388,80.8,44388.0,9940.0
2003-04-01,23420.0,28896.0,11.1714,80.8,43631.0,9627.0
2003-05-01,24063.0,28899.0,11.5326,80.9,43138.0,9350.0
2003-06-01,23387.0,29161.0,11.9971,79.9,42380.0,9274.0
2003-07-01,23871.0,29058.0,12.5721,79.9,41851.0,9084.0
2003-08-01,24607.0,29249.0,12.961,75.4,41303.0,8952.0
2003-09-01,25217.0,29983.0,13.4829,73.8,41176.0,9225.0
2003-10-01,26376.0,30744.0,14.0285,73.9,41158.0,8995.0
2003-11-01,24876.0,30078.0,14.4245,74.6,40615.0,8773.0
2003-12-01,26323.0,30741.0,14.5241,72.9,41144.0,8673.0
2004-01-01,24374.0,30170.0,14.7787,72.6,39769.0,8173.0
2004-02-01,24571.0,29719.0,15.1371,73.1,39340.0,8144.0
2004-03-01,25899.0,29844.0,15.4862,72.7,39841.0,8070.0
2004-04-01,24683.0,30469.0,15.6914,72.8,39879.0,7813.0
2004-05-01,25327.0,30249.0,16.0261,72.9,39765.0,8142.0
2004-06-01,24662.0,30116.0,16.1199,73.4,40149.0,8362.0
2004-07-01,23513.0,30797.0,16.0467,73.2,39996.0,8196.0
2004-08-01,23646.0,30466.0,16.1569,72.8,39794.0,8359.0
2004-09-01,25956.0,30058.0,16.4619,72.5,39585.0,8738.0
2004-10-01,25080.0,31040.0,16.5854,72.3,39810.0,8783.0
2004-11-01,24707.0,30801.0,16.6828,72.1,39213.0,8606.0
2004-12-01,25105.0,31179.0,17.0073,72.6,38946.0,8966.0
2005-01-01,25188.0,30490.0,17.6704,71.5,39643.0,9135.0
2005-02-01,25326.0,30482.0,18.1825,71.3,39888.0,9145.0
2005-03-01,25735.0,31280.0,18.4566,71.1,39910.0,9129.0
2005-04-01,24351.0,30386.0,19.0442,71.1,40098.0,9244.0
2005-05-01,24635.0,30595.0,19.3043,71.0,40752.0,9299.0
2005-06-01,26798.0,31034.0,19.5147,70.8,41014.0,9276.0
2005-07-01,23857.0,30311.0,19.8457,71.5,41940.0,9304.0
2005-08-01,26049.0,31311.0,20.3867,71.7,42490.0,9284.0
2005-09-01,24689.0,31483.0,21.0523,70.6,43059.0,9218.0
2005-10-01,24296.0,30988.0,21.5116,70.0,43750.0,9367.0
2005-11-01,25067.0,31409.0,21.5232,68.4,44684.0,9422.0
2005-12-01,25292.0,33089.0,21.7009,67.5,44892.0,9306.0
2006-01-01,25290.0,30575.0,21.8082,66.7,45415.0,9475.0
2006-02-01,26526.0,33313.0,22.1027,66.3,44742.0,9306.0
2006-03-01,28871.0,33142.0,21.9577,66.1,45484.0,9766.0
2006-04-01,28248.0,31569.0,21.8225,66.9,45893.0,10218.0
2006-05-01,26587.0,33051.0,21.9945,67.1,46096.0,10219.0
2006-06-01,27806.0,33288.0,22.1243,66.8,46183.0,10167.0
2006-07-01,27889.0,31876.0,22.1712,67.0,46624.0,10349.0
2006-08-01,27522.0,33312.0,22.9459,66.9,47256.0,10395.0
2006-09-01,28459.0,33254.0,23.5311,67.7,46931.0,10771.0
2006-10-01,26844.0,32103.0,23.8685,66.9,47003.0,10511.0
2006-11-01,29456.0,33137.0,24.1796,67.0,47032.0,11039.0
2006-12-01,28059.0,32438.0,24.4525,67.1,46459.0,11102.0
2007-01-01,26084.0,32299.0,24.6575,66.6,46868.0,11421.0
2007-02-01,28525.0,33446.0,25.0646,61.8,46803.0,11266.0
2007-03-01,24998.0,32892.0,26.0529,60.1,46584.0,11429.0
2007-04-01,26997.0,33034.0,27.0673,60.0,46280.0,11637.0
2007-05-01,28272.0,33257.0,27.624,58.6,46573.0,11069.0
2007-06-01,26272.0,33439.0,28.404,59.2,45962.0,10774.0
2007-07-01,26859.0,31153.0,29.4484,57.4,44356.0,9934.0
2007-08-01,28016.0,33061.0,29.9392,56.1,44535.0,10098.0
2007-09-01,27589.0,33049.0,30.6273,55.4,45276.0,10707.0
2007-10-01,27360.0,32442.0,31.9479,54.4,45209.0,10377.0
2007-11-01,26942.0,33726.0,33.2623,54.0,45379.0,10361.0
2007-12-01,27226.0,33629.0,34.4632,53.1,45528.0,10632.0
2008-01-01,27824.0,34257.0,34.629,52.4,45344.0,10522.0
2008-02-01,27257.0,33268.0,35.8672,52.3,45398.0,10550.0
2008-03-01,26952.0,32787.0,36.9496,52.3,45530.0,10602.0
2008-04-01,27245.0,32979.0,37.1894,52.2,45420.0,10464.0
2008-05-01,27941.0,33360.0,37.4433,52.3,45343.0,10612.0
2008-06-01,27929.0,32200.0,37.5504,52.1,44763.0,10467.0
2008-07-01,25458.0,32316.0,36.5835,51.6,44900.0,10590.0
2008-08-01,26089.0,31045.0,36.2134,51.2,44824.0,10684.0
2008-09-01,26400.0,31439.0,35.4506,51.0,44365.0,10456.0
2008-10-01,23958.0,30141.0,33.0694,51.3,44306.0,10564.0
2008-11-01,25442.0,28878.0,29.6703,50.7,43943.0,10507.0
2008-12-01,24007.0,30244.0,26.4554,50.4,43843.0,10837.0
2009-01-01,21324.0,26811.0,25.7565,49.5,43347.0,10320.0
2009-02-01,22732.0,26803.0,26.4467,49.8,43335.0,10117.0
2009-03-01,23032.0,26776.0,27.437,49.2,42295.0,9735.0
2009-04-01,21268.0,25941.0,28.1607,48.6,42356.0,10014.0
2009-05-01,21614.0,25699.0,28.8107,48.8,41951.0,10103.0
2009-06-01,22222.0,25968.0,29.5193,48.7,40791.0,9700.0
2009-07-01,22050.0,27119.0,30.8125,48.2,40413.0,9640.0
2009-08-01,21340.0,26600.0,31.7491,48.3,40131.0,9733.0
2009-09-01,22631.0,26458.0,33.2342,48.3,40467.0,9501.0
2009-10-01,21899.0,27314.0,34.4543,48.5,40441.0,9594.0
2009-11-01,22262.0,27134.0,35.6256,49.1,40545.0,9721.0
2009-12-01,22004.0,26572.0,35.8859,48.9,41151.0,9822.0
2010-01-01,22392.0,28163.0,37.7084,48.2,40461.0,9706.0
2010-02-01,21631.0,26959.0,39.7907,48.6,40648.0,9877.0
2010-03-01,22797.0,26082.0,41.8052,48.4,40448.0,10052.0
2010-04-01,22672.0,27815.0,43.3374,48.2,40373.0,10040.0
2010-05-01,22218.0,27208.0,44.5459,48.2,40893.0,10043.0
2010-06-01,21992.0,25679.0,44.9888,47.6,41888.0,10342.0
2010-07-01,22231.0,28038.0,45.9565,47.8,41844.0,10396.0
2010-08-01,22976.0,27333.0,46.8431,47.0,42091.0,10514.0
2010-09-01,23547.0,27324.0,47.6073,46.4,42328.0,10910.0
2010-10-01,21199.0,27681.0,48.4053,45.9,42853.0,11039.0
2010-11-01,23319.0,28525.0,50.1826,44.2,42949.0,10842.0
2010-12-01,23852.0,27259.0,52.5176,43.7,42997.0,11008.0
2011-01-01,23892.0,28285.0,53.7716,43.6,43217.0,11254.0
2011-02-01,23634.0,28128.0,54.1177,44.1,43960.0,11445.0
2011-03-01,22813.0,27125.0,53.7497,43.9,44678.0,11424.0
2011-04-01,23190.0,28528.0,53.7194,43.6,44875.0,11339.0
2011-05-01,23217.0,28110.0,54.0203,43.7,45242.0,11501.0
2011-06-01,23336.0,27373.0,54.2273,43.7,45330.0,11608.0
2011-07-01,22682.0,27326.0,53.6659,43.4,45547.0,11499.0
2011-08-01,23767.0,28497.0,55.0189,43.0,45656.0,11404.0
2011-09-01,23688.0,27473.0,54.9714,41.9,45393.0,11494.0
2011-10-01,23904.0,27786.0,54.7035,41.8,45451.0,11318.0
2011-11-01,23401.0,27674.0,55.2388,40.9,45442.0,11428.0
2011-12-01,23424.0,26222.0,55.9485,40.0,45166.0,11423.0
2012-01-01,23072.0,27618.0,56.5696,39.5,45254.0,11434.0
2012-02-01,23866.0,27882.0,57.7653,39.5,44879.0,11406.0
2012-03-01,23024.0,25820.0,58.3927,39.4,45484.0,11395.0
2012-04-01,23128.0,26800.0,59.087,39.5,45423.0,11703.0
2012-05-01,23546.0,27421.0,59.9974,39.9,44963.0,11852.0
2012-06-01,21396.0,26309.0,61.0013,39.3,44052.0,11305.0
2012-07-01,21584.0,25806.0,60.6111,39.2,44436.0,11713.0
2012-08-01,20751.0,24280.0,59.8824,38.9,44396.0,11798.0
2012-09-01,20890.0,25017.0,60.984,38.8,44396.0,11306.0
2012-10-01,21073.0,25442.0,62.4098,38.8,44215.0,11578.0
2012-11-01,21301.0,25385.0,62.1728,38.6,44305.0,11741.0
2012-12-01,22244.0,25558.0,62.3427,38.2,43883.0,11402.0
2013-01-01,20924.0,25175.0,62.7268,38.3,43899.0,11394.0
2013-02-01,20275.0,25516.0,62.014,38.2,43265.0,11344.0
2013-03-01,19648.0,26106.0,62.6561,37.9,42950.0,11344.0
2013-04-01,21394.0,25776.0,63.8934,38.5,43001.0,11190.0
2013-05-01,21858.0,26085.0,64.9148,38.9,43115.0,11407.0
2013-06-01,21549.0,26012.0,65.7834,38.9,43278.0,11663.0
2013-07-01,20996.0,25407.0,66.8912,38.9,43117.0,11536.0
2013-08-01,19973.0,25522.0,68.0148,38.7,42775.0,11584.0
2013-09-01,20874.0,26188.0,68.6801,38.4,43122.0,11650.0
2013-10-01,21399.0,25670.0,70.6466,38.5,42737.0,11477.0
2013-11-01,21850.0,26053.0,71.7685,38.5,42803.0,11452.0
2013-12-01,20495.0,25969.0,72.8464,38.5,43112.0,11699.0
2014-01-01,21429.0,26167.0,74.522,37.8,42543.0,11487.0
2014-02-01,21244.0,25572.0,76.7132,37.6,42422.0,11363.0
2014-03-01,21542.0,25835.0,78.497,37.5,42213.0,11372.0
2014-04-01,21546.0,26194.0,80.0616,37.4,41797.0,11287.0
2014-05-01,20879.0,25644.0,81.8774,37.4,42487.0,11430.0
2014-06-01,21729.0,25958.0,82.4052,37.4,42033.0,11378.0
2014-07-01,21169.0,26041.0,82.7456,37.5,41882.0,11007.0
2014-08-01,21563.0,25428.0,82.6163,37.4,42047.0,11432.0
2014-09-01,21246.0,25228.0,82.6105,37.5,41897.0,11707.0
2014-10-01,20613.0,24745.0,82.3956,37.5,42098.0,11908.0
2014-11-01,19957.0,24042.0,81.9877,37.4,41817.0,11668.0
2014-12-01,20150.0,24704.0,82.1515,37.3,41664.0,11540.0
2015-01-01,19556.0,24237.0,82.1504,37.2,42032.0,11599.0
2015-02-01,19358.0,24295.0,81.8215,37.3,42504.0,11752.0
2015-03-01,21263.0,25132.0,81.026,37.2,42605.0,11590.0
2015-04-01,20496.0,25589.0,80.5543,37.1,43144.0,11993.0
2015-05-01,20140.0,25304.0,79.9374,37.2,43248.0,11927.0
2015-06-01,20746.0,25718.0,80.4261,36.8,43588.0,11700.0
2015-07-01,20745.0,25327.0,79.8745,36.9,43701.0,11901.0
2015-08-01,20580.0,25291.0,80.2585,36.6,43562.0,11944.0
2015-09-01,20347.0,25415.0,80.721,36.5,43232.0,11807.0
2015-10-01,20245.0,25075.0,81.048,36.5,43334.0,12033.0
2015-11-01,20171.0,25082.0,81.2548,36.4,43306.0,12508.0
2015-12-01,20673.0,24831.0,82.4698,36.3,43541.0,12240.0
2016-01-01,20876.0,24649.0,81.6281,35.9,43413.0,12359.0
2016-02-01,21206.0,24696.0,82.5464,35.7,43300.0,12479.0
2016-03-01,21034.0,24844.0,82.9313,35.6,43670.0,12674.0
2016-04-01,21758.0,24955.0,83.7862,35.6,43723.0,12804.0
2016-05-01,21611.0,24930.0,84.7635,35.6,43624.0,12797.0
2016-06-01,21449.0,24860.0,86.0963,35.5,43499.0,12910.0
2016-07-01,21529.0,25216.0,88.2021,35.5,43556.0,12764.0
2016-08-01,21480.0,25360.0,89.4199,35.4,43592.0,12838.0
2016-09-01,21152.0,24936.0,91.3266,35.4,43331.0,12800.0
2016-10-01,20990.0,25094.0,92.678,35.2,43359.0,12726.0
2016-11-01,20861.0,25385.0,93.5939,35.1,43307.0,12887.0
2016-12-01,21483.0,25511.0,94.1908,35.1,43122.0,12648.0
2017-01-01,21216.0,25633.0,95.0183,35.6,43425.0,12818.0
2017-02-01,21512.0,24839.0,96.0273,35.6,43588.0,12800.0
2017-03-01,20900.0,25135.0,97.5229,35.5,43466.0,12702.0
2017-04-01,21350.0,24956.0,101.0176,35.8,43570.0,12467.0
2017-05-01,21175.0,25189.0,101.0408,35.7,43712.0,12364.0
2017-06-01,21015.0,25393.0,100.548,35.7,43859.0,12436.0
2017-07-01,21789.0,25334.0,99.5657,34.7,43954.0,12683.0
2017-08-01,21779.0,25724.0,99.3714,34.5,44253.0,12878.0
2017-09-01,22577.0,25799.0,100.0478,33.9,44149.0,12449.0
2017-10-01,22295.0,25868.0,101.3948,33.9,44466.0,12592.0
2017-11-01,22767.0,26179.0,103.144,33.9,44391.0,12342.0
2017-12-01,22126.0,26028.0,105.3014,33.9,44362.0,12453.0
2018-01-01,21876.0,26327.0,106.5123,34.0,44488.0,12488.0
2018-02-01,22026.0,25946.0,106.2109,34.0,45479.0,12696.0
2018-03-01,21747.0,25828.0,105.5107,33.9,45338.0,12414.0
2018-04-01,22440.0,26422.0,106.0022,33.9,45654.0,12525.0
2018-05-01,22716.0,26507.0,106.3259,33.7,45955.0,12704.0
2018-06-01,22836.0,26628.0,107.3727,33.7,46100.0,12825.0
2018-07-01,22970.0,26780.0,107.5357,33.2,46332.0,12719.0
2018-08-01,22856.0,26762.0,107.8675,32.7,46502.0,12687.0
2018-09-01,22545.0,26427.0,106.6054,32.6,47162.0,12881.0
2018-10-01,23254.0,27005.0,105.2557,32.3,47076.0,12828.0
2018-11-01,23366.0,27163.0,103.0036,32.3,47377.0,13155.0
2018-12-01,23343.0,27033.0,102.4992,32.3,48261.0,13508.0
2019-01-01,22967.0,27147.0,103.7506,31.7,48376.0,13514.0
2019-02-01,23016.0,27366.0,104.7604,31.6,48341.0,13669.0
2019-03-01,23250.0,26896.0,105.3679,31.6,47996.0,13617.0
2019-04-01,23818.0,27746.0,105.8286,31.7,48074.0,13430.0
2019-05-01,23512.0,27642.0,105.8115,31.5,48181.0,13475.0
2019-06-01,23393.0,27320.0,106.7633,31.5,48386.0,13501.0
2019-07-01,23189.0,27127.0,107.5196,31.6,48267.0,13418.0
2019-08-01,23042.0,26993.0,109.1758,31.6,48604.0,13927.0
2019-09-01,22922.0,26547.0,108.7369,31.7,48768.0,13948.0
2019-10-01,22529.0,26335.0,108.9746,31.6,48622.0,13811.0
2019-11-01,22350.0,26459.0,110.9638,31.5,48977.0,13663.0
2019-12-01,22570.0,26731.0,112.6269,31.6,49067.0,13609.0
2020-01-01,22796.0,25956.0,110.9344,31.4,49091.0,13529.0
2020-02-01,23006.0,26154.0,108.6923,31.4,49168.0,13219.0
2020-03-01,22648.0,25904.0,109.4757,31.6,49471.0,13291.0
2020-04-01,22584.0,25587.0,107.5225,30.6,49758.0,13468.0
2020-05-01,22651.0,25765.0,107.1574,30.6,49938.0,13424.0
2020-06-01,22760.0,25946.0,109.2417,30.6,49967.0,13514.0
2020-07-01,23027.0,26482.0,111.7799,30.3,50002.0,13674.0
2020-08-01,23404.0,26761.0,112.4082,30.2,49733.0,13721.0
2020-09-01,23397.0,27298.0,115.8024,30.2,49525.0,13586.0
2020-10-01,24196.0,27342.0,119.86,29.1,49692.0,13586.0
2020-11-01,24147.0,27347.0,121.1263,29.1,49781.0,13580.0
2020-12-01,24299.0,27355.0,121.0366,29.3,49788.0,13526.0
2021-01-01,22657.0,27923.0,120.3158,29.1,50212.0,13776.0
2021-02-01,22920.0,27646.0,119.1051,29.1,50631.0,13894.0
2021-03-01,22931.0,28108.0,119.6459,29.1,51066.0,13957.0
2021-04-01,23219.0,28423.0,121.9916,29.0,51402.0,14131.0
2021-05-01,23212.0,28296.0,123.9862,29.2,52141.0,14273.0
2021-06-01,23243.0,28201.0,121.2857,29.3,53063.0,14414.0
2021-07-01,23169.0,28347.0,117.7423,28.898,53491.0,14542.0
2021-08-01,23851.0,28539.0,117.8182,29.073,54007.0,14675.0
2021-09-01,23426.0,28350.0,118.1095,29.068,54803.0,14926.0
2021-10-01,23258.0,28123.0,119.9345,28.853,55210.0,15096.0
2021-11-01,24365.0,28124.0,122.4168,29.074,55842.0,15514.0
2021-12-01,24000.0,28462.0,124.7074,29.174,56695.0,15558.0
2022-01-01,24951.0,28868.0,125.773,29.396,57662.0,15775.0
2022-02-01,24829.0,29052.0,128.9521,29.372,58233.0,15869.0
2022-03-01,24866.0,28917.0,129.5542,29.449,59250.0,16177.0
2022-04-01,25011.0,29190.0,127.9384,29.639,60241.0,16316.0
2022-05-01,25136.0,29334.0,128.77,29.779,60903.0,16521.0
2022-06-01,25024.0,29517.0,131.2495,29.965,62108.0,16617.0
2022-07-01,25470.0,29639.0,131.7061,29.926,63027.0,16789.0
2022-08-01,25449.0,29702.0,132.8333,29.804,63647.0,16748.0
2022-09-01,25076.0,29663.0,134.0567,30.021,64575.0,16900.0
2022-10-01,24651.0,29504.0,132.9257,30.664,65379.0,17080.0
2022-11-01,24806.0,29584.0,133.4489,30.789,66090.0,17277.0
2022-12-01,24587.0,29463.0,130.8489,30.801,66846.0,17488.0
2023-01-01,24005.0,29719.0,130.0403,30.73,66832.0,17455.0
2023-02-01,24255.0,29425.0,133.54,30.916,66711.0,17513.0
2023-03-01,24613.0,29330.0,133.5331,30.836,66641.0,17469.0
2023-04-01,24360.0,29327.0,135.8398,30.583,66628.0,17396.0
2023-05-01,24346.0,29505.0,136.0676,30.483,66566.0,17424.0
2023-06-01,24640.0,29458.0,135.4366,30.552,66433.0,17182.0
2023-07-01,24778.0,29675.0,136.6894,30.488,66645.0,16997.0
2023-08-01,24949.0,30022.0,135.6233,30.569,67323.0,16919.0
2023-09-01,25148.0,29954.0,134.4233,30.773,67045.0,16727.0
2023-10-01,25316.0,30201.0,136.4045,30.661,67196.0,16726.0
2023-11-01,25423.0,30260.0,137.8263,30.698,67416.0,16623.0
2023-12-01,25075.0,29923.0,138.9374,30.551,67480.0,16732.0
2024-01-01,25527.0,30180.0,139.4212,30.679,67302.0,16592.0
2024-02-01,25258.0,29971.0,138.2248,30.643,67333.0,16519.0
2024-03-01,25104.0,29761.0,138.3547,30.604,67189.0,16494.0
2024-04-01,25247.0,29989.0,143.8737,30.78,67031.0,16526.0
2024-05-01,25269.0,29784.0,144.2792,30.722,67088.0,16529.0
2024-06-01,25253.0,29677.0,143.4192,30.513,66888.0,16603.0
2024-07-01,25551.0,29989.0,143.4068,29.661,66852.0,16621.0
2024-08-01,25580.0,29893.0,148.7946,29.501,66881.0,16757.0
2024-09-01,25755.0,30184.0,146.4195,29.535,66761.0,16772.0
2024-10-01,25716.0,30492.0,148.7125,29.743,66869.0,16842.0
2024-11-01,25550.0,30495.0,148.1992,29.749,66643.0,16810.0
2024-12-01,25946.0,30655.0,150.2275,29.566,66549.0,16825.0
2025-01-01,26138.0,30816.0,158.0732,29.116,66576.0,16857.0
2025-02-01,26187.0,31234.0,159.6876,29.132,66644.0,16911.0
2025-03-01,25733.0,31344.0,159.2281,29.34,66866.0,17059.0
2025-04-01,25858.0,31290.0,162.2271,29.259,66893.0,16821.0
2025-05-01,26397.0,31541.0,164.3526,28.985,67003.0,16974.0
2025-06-01,26639.0,31661.0,163.1741,28.894,67219.0,17132.0
2025-07-01,26786.0,31719.0,171.5555,28.832,67261.0,17248.0
2025-08-01,26485.0,31666.0,169.197,28.392,67311.0,17339.0
2025-09-01,26803.0,31635.0,165.667,28.454,67355.0,17563.0
2025-10-01,26863.0,31713.0,169.1163,28.631,67345.0,17373.0
2025-11-01,27015.0,32021.0,169.7424,28.638,67512.0,17343.0
2025-12-01,27945.0,32273.0,170.5402,28.66,67523.0,17336.0
2026-01-01,28163.0,32799.0,176.7104,28.623,67402.0,17467.0
2026-02-01,28559.0,33126.0,176.1804,29.106,67607.0,17444.0
2026-03-01,29926.0,33317.0,173.4832,29.099,67785.0,17509.0
2026-04-01,29813.0,33525.0,176.4046,29.555,67830.0,17460.0
2026-05-01,30134.0,33853.0,183.8045,29.107,67915.0,17503.0
2026-06-01,31073.0,34691.0,187.4427,28.626,68513.0,17777.0
2026-07-01,30739.0,34278.0,191.8973,27.918,68586.0,17603.0
