Date,Inventory,Revenue,Cost,GrossProfit,InventoryDays,InventoryYoY,RevenueYoY,GrossMargin,板塊,公司
2024-12-31,83856341000.0,114202483000.0,79066172000.0,35136311000.0,95.45258735935768,,,30.76667868946422,800V HVDC 電源,台達電
2025-03-31,83434958000.0,118919406000.0,81130984000.0,37788422000.0,92.55583810002847,,,31.77649743726436,800V HVDC 電源,台達電
2025-06-30,81529671000.0,124035086000.0,79986223000.0,44048863000.0,91.73667807767345,,,35.5132280877364,800V HVDC 電源,台達電
2025-12-31,101478308000.0,161613099000.0,105709903000.0,55903196000.0,86.39727651627871,,,34.59075801770251,800V HVDC 電源,台達電
2026-03-31,119107625000.0,159352652000.0,100391781000.0,58960871000.0,106.77852452881577,42.03770827539446,39.53519031630863,37.00024458959114,800V HVDC 電源,台達電
2024-12-31,26817093000.0,38299416000.0,30155652000.0,8143764000.0,80.03602011324445,,,21.26341560926151,800V HVDC 電源,光寶科
2025-03-31,27386272000.0,36416560000.0,28194791000.0,8221769000.0,87.41914348646884,,,22.577006175212595,800V HVDC 電源,光寶科
2025-06-30,25878909000.0,40421376000.0,31479435000.0,8941941000.0,73.98804362276515,,,22.121812478625174,800V HVDC 電源,光寶科
2025-12-31,34262301000.0,44356417000.0,34723582000.0,9632835000.0,88.80440646935561,,,21.716891605559574,800V HVDC 電源,光寶科
2026-03-31,43945503000.0,43407292000.0,34004359000.0,9402933000.0,116.3114196624027,63.87124062999669,13.336694220089406,21.662104606755932,800V HVDC 電源,光寶科
2025-03-31,6061104000.0,8441973000.0,6982459000.0,1459514000.0,78.12424820539583,,,17.288778346009874,800V HVDC 電源,群電
2025-06-30,5249388000.0,9130131000.0,7627670000.0,1502461000.0,61.93830094904473,,,16.456072755144476,800V HVDC 電源,群電
2025-09-30,5659177000.0,9036817000.0,7461170000.0,1575647000.0,68.26354713804939,,,17.43586264942623,800V HVDC 電源,群電
2025-12-31,5710386000.0,7842826000.0,6575027000.0,1267799000.0,78.16465848733397,,,16.165078761150635,800V HVDC 電源,群電
2026-03-31,6092293000.0,7783863000.0,6543284000.0,1240579000.0,83.79681670549529,0.5145762224175732,-7.795689467379252,15.937831896578858,800V HVDC 電源,群電
2025-03-31,6803254000.0,7118425000.0,5296719000.0,1821706000.0,115.59851674215679,,,25.59141945022951,800V HVDC 電源,康舒
2025-06-30,6244343000.0,7339887000.0,5473380000.0,1866507000.0,102.67711542045318,,,25.429642172965334,800V HVDC 電源,康舒
2025-09-30,7448770000.0,8070817000.0,6035466000.0,2035351000.0,111.0749857591775,,,25.218648867890327,800V HVDC 電源,康舒
2025-12-31,8182464000.0,9197632000.0,6752809000.0,2444823000.0,109.05413732270526,,,26.581004762965076,800V HVDC 電源,康舒
2026-03-31,9073634000.0,8580758000.0,6487847000.0,2092911000.0,125.87027098512034,33.37197170648045,20.542929088948746,24.390747297616365,800V HVDC 電源,康舒
2025-03-31,7930039000.0,3438344000.0,2090119000.0,1348225000.0,341.4654907208633,,,39.21146342541642,BBU／備援電池,AES-KY
2025-06-30,7225880000.0,3972220000.0,2533245000.0,1438975000.0,256.7178460827911,,,36.2259643222178,BBU／備援電池,AES-KY
2025-09-30,8200580000.0,4129336000.0,2686727000.0,1442609000.0,274.70308669247004,,,34.935616767441545,BBU／備援電池,AES-KY
2025-12-31,8975124000.0,4460912000.0,2945161000.0,1515751000.0,274.267233607942,,,33.97850036046441,BBU／備援電池,AES-KY
2026-03-31,8852314000.0,4529845000.0,2894382000.0,1635463000.0,275.26023171785897,11.630144568015366,31.74496210966675,36.10417133478077,BBU／備援電池,AES-KY
2025-03-31,409371000.0,656511000.0,476519000.0,179992000.0,77.31777746532667,,,27.41644846773321,BBU／備援電池,新盛力
2025-06-30,387136000.0,463661000.0,421556000.0,42105000.0,82.65151011965196,,,9.080988049458547,BBU／備援電池,新盛力
2025-09-30,415198000.0,546142000.0,439877000.0,106265000.0,84.95061119358367,,,19.457393864599318,BBU／備援電池,新盛力
2025-12-31,563940000.0,785063000.0,578801000.0,206262000.0,87.68920578920907,,,26.273305454466712,BBU／備援電池,新盛力
2026-03-31,650691000.0,791378000.0,616615000.0,174763000.0,94.9736707670102,58.94897293652945,20.542991663506015,22.083378613001624,BBU／備援電池,新盛力
2024-12-31,1045597000.0,2946367000.0,2604093000.0,342274000.0,36.13685455934177,,,11.61681487744059,BBU／備援電池,順達
2025-03-31,1774579000.0,2362947000.0,1987014000.0,375933000.0,80.37794902300638,,,15.90949775851934,BBU／備援電池,順達
2025-06-30,1964082000.0,3249227000.0,2818669000.0,430558000.0,62.71306776354371,,,13.251090182372607,BBU／備援電池,順達
2025-12-31,1841579000.0,3983982000.0,3181669000.0,802313000.0,52.09281983763867,,,20.138469501117225,BBU／備援電池,順達
2026-03-31,2782670000.0,3344523000.0,2674581000.0,669942000.0,93.6372089684328,166.13217138151697,13.513455723608093,20.03101787609175,BBU／備援電池,順達
2025-03-31,5702042000.0,6865051000.0,2716744000.0,4148307000.0,188.8966277278978,,,60.426455681101274,電源測試／基礎設施,致茂
2025-06-30,6134567000.0,6455395000.0,2231178000.0,4224217000.0,247.4527043561742,,,65.43700269309623,電源測試／基礎設施,致茂
2025-09-30,7214442000.0,6410119000.0,2574864000.0,3835255000.0,252.1685727867569,,,59.831260542901,電源測試／基礎設施,致茂
2025-12-31,7918880000.0,8580370000.0,3363317000.0,5217053000.0,211.90366533990107,,,60.80219151388576,電源測試／基礎設施,致茂
2026-03-31,9039861000.0,11859669000.0,4435610000.0,7424059000.0,183.42178189696568,58.537257354470555,72.75427378471042,62.59920913475747,電源測試／基礎設施,致茂
2025-03-31,8495084000.0,4421261000.0,2836288000.0,1584973000.0,269.5627383396891,,,35.84889016956927,電源測試／基礎設施,華城
2025-06-30,8667825000.0,6073388000.0,3621503000.0,2451885000.0,215.4089752238228,,,40.370959339334156,電源測試／基礎設施,華城
2025-09-30,9023403000.0,5831799000.0,3400353000.0,2431446000.0,238.82998912171763,,,41.69289785193214,電源測試／基礎設施,華城
2025-12-31,8333498000.0,8096609000.0,4679595000.0,3417014000.0,160.27344674058332,,,42.20302598285282,電源測試／基礎設施,華城
2026-03-31,9364571000.0,4756515000.0,2682401000.0,2074114000.0,314.2003712345768,10.235178369042618,7.582768807360618,43.605749167194894,電源測試／基礎設施,華城
2025-03-31,10515010000.0,6447658000.0,4808078000.0,1639580000.0,196.8251970953882,,,25.42907827927598,電源測試／基礎設施,中興電
2025-06-30,10499855000.0,7104420000.0,5351198000.0,1753222000.0,176.59353101866162,,,24.677904740992226,電源測試／基礎設施,中興電
2025-09-30,10330295000.0,6790858000.0,5034244000.0,1756614000.0,184.6804703943631,,,25.86733517325793,電源測試／基礎設施,中興電
2025-12-31,10491443000.0,7106089000.0,5187756000.0,1918333000.0,182.01123375887377,,,26.99562304947208,電源測試／基礎設施,中興電
2026-03-31,10435704000.0,6490639000.0,4804662000.0,1685977000.0,195.4795904477776,-0.7542170668406456,0.6666141411346471,25.97551643220336,電源測試／基礎設施,中興電
