板塊,公司,代碼,財報日期,資料頻率,存貨（億元）,營收（億元）,存貨天數,存貨天數季變,存貨年增%,營收年增%,毛利率%,3個月股價%,循環階段,判讀
光纖元件／FAU,上詮,3363,2026-03-31,季報,4.09841,3.81969,98.42168038167205,-9.064958135049892,7.46517170943779,-7.154541896874845,1.8841843186227156,-11.085972850678738,收縮去化,營收仍衰退但存貨天數下降，企業正在清理庫存。
光纖元件／FAU,波若威,3163,2026-03-31,季報,4.58205,6.56095,77.45982700489307,6.654151529874511,50.26119978093979,37.661561057490566,18.855501108833327,-17.35884460885182,擴張備貨,營收成長且存貨天數增加，可能因擴產或旺季備貨，需觀察後續營收能否消化。
光纖元件／FAU,光聖,6442,2026-03-31,季報,17.0372,27.05681,127.09048728513281,41.56677212633636,67.5336449866364,28.552830942599105,55.40860138353339,-20.139502109691556,擴張備貨,營收成長且存貨天數增加，可能因擴產或旺季備貨，需觀察後續營收能否消化。
雷射／光收發模組,聯亞,3081,2026-03-31,季報,5.95471,9.04389,130.98277918446755,-24.902265529463364,71.938947872964,213.14215871279143,54.75884823897681,33.35581786238671,健康去化,營收成長且存貨天數下降，需求吸收庫存的品質較佳。
雷射／光收發模組,華星光,4979,2026-03-31,季報,5.76944,11.93478,58.334458643448954,15.881966706821544,6.144270872620039,11.863463135458986,25.417561111306618,-5.3219059051685775,擴張備貨,營收成長且存貨天數增加，可能因擴產或旺季備貨，需觀察後續營收能否消化。
雷射／光收發模組,聯鈞,3450,2026-03-31,季報,10.66859,20.86881,61.18698558031766,2.888448937265828,43.54049668615774,-24.3335936667196,24.804337190285406,14.279885501375645,庫存壓力,營收衰退但存貨天數上升，屬較弱的被動累庫訊號。
高速網通系統,智邦,2345,2026-03-31,季報,504.79738,701.20741,80.53572953071492,34.56535907440509,160.59496182867989,79.92639723033284,19.550285414125902,-14.024997793909133,擴張備貨,營收成長且存貨天數增加，可能因擴產或旺季備貨，需觀察後續營收能否消化。
高速網通系統,智易,3596,2026-03-31,季報,191.68739,127.84117,159.05905763686292,40.424997459960466,72.10438885185802,5.766540204113335,15.15877866261706,-16.27296587926509,擴張備貨,營收成長且存貨天數增加，可能因擴產或旺季備貨，需觀察後續營收能否消化。
高速網通系統,啟碁,6285,2026-03-31,季報,280.25879,291.56181,100.31119495887876,24.20077968500557,52.400359528497596,4.318358217558238,13.75742591253635,-17.255789572213743,擴張備貨,營收成長且存貨天數增加，可能因擴產或旺季備貨，需觀察後續營收能否消化。
